STT,Ten,Diem HS1,Diem HS2,Diem HS3,Diem TB
1,Nguyen Van A,6,7,8,7.333333333333333
2,Nguyen Van B,7,6,8,7.166666666666667
3,Nguyen Van C,6,6,7,6.5
4,Nguyen Van D,6,7,7,6.833333333333333
