STT,Họ và tên,Điểm HS1,Điểm HS2,Điểm HS3, Điểm TB
1, Nguyễn Văn A, 6, 7, 8, 7.333333333333333 
2, Nguyễn Văn B, 7, 5, 6, 5.833333333333333 
3, Nguyễn Văn C, 6, 5, 6, 5.666666666666667 
4, Nguyễn Văn D, 5, 6, 7, 6.333333333333333 
